miRNAs,5' end nucleotide,Total,AGO1,AGO2,AGO4,AGO5,Free energy (kcal/mol)a
miR156a,U,7916,1661 ,7 ,56 ,19 ,-11.3
miR156a*,G,48 ,0 ,0 ,0 ,3 ,-12.9
miR156b,U,7916 ,1670 ,7 ,56 ,19 ,-11.3
miR156b*,G,30 ,0 ,0 ,0 ,6 ,-12.9
miR156c,U,7916 ,1661 ,7 ,56 ,19 ,-11.3
miR156c*,G,53 ,0 ,0 ,0 ,3 ,-12.9
miR156d,U,7916 ,1661 ,7 ,56 ,19 ,-11.3
miR156d*,G,107 ,0 ,0 ,0 ,0 ,-12.9
miR156e,U,7916 ,1661 ,7 ,56 ,19 ,-11.3
miR156e*,G,16 ,0 ,0 ,0 ,0 ,-10.45
miR156f,U,7916 ,1661 ,7 ,56 ,19 ,-11.3
miR156f*,G,30 ,0 ,0 ,0 ,0 ,-12.9
miR156g,C,51 ,3 ,0 ,1 ,0 ,-6.1
miR156g*,G,0 ,0 ,0 ,0 ,0 ,-10.45
miR156h,U,43 ,4 ,0 ,3 ,10 ,-6.3
miR156h*,G,7 ,0 ,0 ,0 ,0 ,-12.9
miR157a,U,768 ,2474 ,7 ,257 ,168 ,-5.35
miR157a*,G,0 ,0 ,0 ,0 ,0 ,-12.9
miR157b,U,768 ,2474 ,7 ,257 ,168 ,-5.35
miR157b*,G,145 ,0 ,0 ,0 ,0 ,-12.9
miR157c,U,778 ,2721 ,7 ,448 ,181 ,-5.35
miR157c*,G,217 ,0 ,0 ,0 ,0 ,-12.9
miR157d,U,99 ,154 ,0 ,7 ,3 ,-11.3
miR157d*,G,12 ,0 ,0 ,0 ,0 ,-12.9
miR158a,U,3496 ,6687 ,168 ,118 ,259 ,-6.95
miR158a*,C,99 ,0 ,22 ,3 ,2637 ,-8.1
miR158b,C,12 ,37 ,7 ,1 ,10 ,-6.45
miR158b*,C,1 ,0 ,0 ,0 ,55 ,-8.1
miR159a,U,7784 ,63932 ,12366 ,1167 ,1233 ,-8.85
miR159a*,G,4 ,0 ,0 ,0 ,0 ,-12.9
miR159b,U,1184 ,9374 ,12498 ,595 ,2191 ,-4.275
miR159b*,G,2 ,159 ,0 ,0 ,0 ,-12.9
miR159c,U,20 ,545 ,293 ,21 ,36 ,-8.85
miR159c*,G,0 ,0 ,0 ,0 ,0 ,-12.9
miR160a,U,6931 ,4438 ,205 ,8 ,19 ,-6.85
miR160a*,G,539 ,0 ,0 ,4 ,0 ,-10.4
miR160b,U,6940 ,4439 ,205 ,8 ,19 ,-6.9
miR160b*,G,11 ,0 ,0 ,1 ,0 ,-10.4
miR160c,U,6940 ,4439 ,205 ,8 ,19 ,-6.9
miR160c*,G,60 ,0 ,15 ,0 ,0 ,-10.4
miR161,U,13132 ,68172 ,51 ,121 ,252 ,-4.8
miR161*,C,60 ,0 ,0 ,0 ,864 ,-12.15
miR162a,U,1003 ,1829 ,22 ,17 ,39 ,-10.8
miR162a*,G,69 ,1 ,0 ,0 ,0 ,-6.825
miR162b,U,1003 ,1829 ,22 ,17 ,39 ,-10.8
miR162b*,G,69 ,1 ,0 ,0 ,0 ,-6.825
miR163.1,U,730 ,592 ,7 ,202 ,26 ,-9.1
miR163.1*,C,21 ,0 ,0 ,0 ,0 ,-9.75
miR163.2,A,47 ,40 ,17759 ,272 ,0 ,-6.9
miR163.2*,C,351 ,49 ,0 ,1 ,162 ,-8
miR164a,U,8053 ,217814 ,37 ,544 ,19 ,-11.5
miR164a*,C,4 ,0 ,0 ,0 ,36 ,-12.05
miR164b,U,8069 ,218032 ,37 ,548 ,16 ,-6.675
miR164b*,C,42 ,3 ,0 ,0 ,113 ,-10.25
miR164c,U,438 ,4898 ,0 ,1 ,0 ,-11.5
miR164c*,C,110 ,0 ,0 ,0 ,0 ,-12.05
miR165a,U,859 ,655 ,7 ,10 ,146 ,-10.15
miR165a*,G,294 ,0 ,0 ,11 ,3 ,-6.8
miR165b,U,660 ,652 ,7 ,10 ,146 ,-10.15
miR165b*,G,16 ,0 ,0 ,0 ,0 ,-6.8
miR166a,U,4445 ,2495 ,124 ,72 ,107 ,-10.15
miR166a*,G,523 ,0 ,0 ,6 ,0 ,-6.85
miR166b,U,4445 ,2495 ,124 ,72 ,107 ,-10.15
miR166b*,G,523 ,0 ,0 ,6 ,0 ,-6.85
miR166c,U,4442 ,2495 ,124 ,72 ,107 ,-10.15
miR166c*,G,2 ,0 ,0 ,0 ,0 ,-7.025
miR166d,U,4445 ,2495 ,124 ,72 ,107 ,-10.15
miR166d*,G,2 ,0 ,0 ,0 ,3 ,-10.7
miR166e,U,4223 ,2487 ,124 ,72 ,107 ,-6.075
miR166e*,G,123 ,0 ,0 ,0 ,0 ,-10.7
miR166f,U,4223 ,2487 ,124 ,72 ,107 ,-10.15
miR166f*,U,7 ,1 ,0 ,1 ,0 ,-8.2
miR166g,U,4223 ,2487 ,124 ,72 ,107 ,-10.15
miR166g*,G,7 ,0 ,0 ,0 ,0 ,-10.7
miR167a,U,42166 ,210448 ,907 ,1105 ,3126 ,-9.1
miR167a*,G,51 ,22 ,7 ,25 ,16 ,-10.9
miR167b,U,42158 ,210778 ,907 ,1100 ,3136 ,-5.225
miR167b*,G,1 ,0 ,0 ,0 ,0 ,-10.3
miR167c,U,187 ,52 ,0 ,28 ,29 ,-5.65
miR167c*,A,2 ,0 ,0 ,3 ,0 ,-8.7
miR167d,U,878 ,8933 ,278 ,502 ,65 ,-9.1
miR167d*,A,11 ,0 ,44 ,1 ,0 ,-8.7
miR168a,U,6283 ,49443 ,205 ,758 ,104 ,-4.825
miR168a*,C,2285 ,2 ,0 ,0 ,78 ,-14.35
miR168b,U,6245 ,49429 ,205 ,176 ,100 ,-4.825
miR168b*,C,74 ,0 ,0 ,0 ,3 ,-14.35
miR169a,C,1129 ,1737 ,0 ,0 ,16 ,-11
miR169a*,G,1052 ,0 ,0 ,0 ,0 ,-12.9
miR169b,C,78 ,220 ,0 ,4 ,45 ,-11
miR169b*,G,160 ,0 ,0 ,0 ,0 ,-12.9
miR169c,C,90 ,229 ,0 ,4 ,55 ,-11
miR169c*,G,0 ,0 ,0 ,0 ,0 ,-12.9
miR169d,U,521 ,20 ,0 ,3 ,0 ,-11.05
miR169d*,G,28 ,0 ,0 ,0 ,0 ,-10.5
miR169e,U,521 ,20 ,0 ,3 ,0 ,-11.05
miR169e*,G,16 ,0 ,0 ,0 ,0 ,-10.5
miR169f,U,521 ,20 ,0 ,3 ,0 ,-11.05
miR169f*,G,236 ,0 ,0 ,0 ,0 ,-10.5
miR169g,U,538 ,20 ,0 ,3 ,0 ,-11.05
miR169g*,G,28 ,0 ,0 ,0 ,0 ,-10.5
miR169h,U,772 ,258 ,0 ,0 ,0 ,-11.3
miR169h*,G,6 ,0 ,0 ,0 ,0 ,-12.9
miR169i,U,907 ,357 ,0 ,0 ,0 ,-11.3
miR169i*,G,0 ,0 ,0 ,0 ,0 ,-12.9
miR169j,U,900 ,357 ,0 ,0 ,0 ,-11.3
miR169j*,G,13 ,0 ,0 ,0 ,0 ,-12.9
miR169k,U,772 ,258 ,0 ,0 ,0 ,-11.3
miR169k*,G,12 ,0 ,0 ,0 ,0 ,-12.9
miR169l,U,900 ,357 ,0 ,0 ,0 ,-11.3
miR169l*,G,0 ,0 ,0 ,0 ,0 ,-12.9
miR169m,U,779 ,294 ,0 ,0 ,0 ,-11.3
miR169m*,G,12 ,0 ,0 ,0 ,0 ,-12.9
miR169n,U,900 ,357 ,0 ,0 ,0 ,-11.3
miR169n*,G,9 ,0 ,0 ,0 ,0 ,-12.9
miR170,U,1611 ,194 ,0 ,15 ,0 ,-5.225
miR170*,U,48 ,62 ,0 ,0 ,13 ,-7
miR171a,U,8898 ,857 ,15 ,35 ,165 ,-5.225
miR171a*,U,48 ,62 ,0 ,0 ,13 ,-7
miR171b,U,939 ,1892 ,15 ,91 ,434 ,-9.1
miR171b*,A,53 ,0 ,139 ,11 ,0 ,-9.6
miR171c,U,939 ,1892 ,15 ,90 ,434 ,-9.1
miR171c*,A,210 ,15 ,227 ,17 ,0 ,-9.6
miR172a,A,5000 ,5098 ,2839 ,1107 ,702 ,-9.3
miR172a*,G,5 ,0 ,0 ,0 ,0 ,-9.75
miR172b,A,5000 ,5098 ,2839 ,1109 ,702 ,-3.825
miR172b*,G,1058 ,0 ,7 ,1 ,0 ,-12.95
miR172c,A,1731 ,1960 ,110 ,483 ,1275 ,-9.3
miR172c*,G,12 ,0 ,0 ,1 ,0 ,-8.45
miR172d,A,1729 ,1959 ,110 ,482 ,1275 ,-9.3
miR172d*,G,74 ,0 ,0 ,1 ,6 ,-6.625
miR172e,G,599 ,281 ,7 ,45 ,36 ,-9.1
miR172e*,G,990 ,0 ,7 ,0 ,0 ,-12.95
miR173,U,121 ,498 ,7 ,59 ,236 ,-10.65
miR173*,G,8 ,0 ,0 ,8 ,0 ,-8.6
miR319a,U,98 ,438 ,600 ,267 ,13 ,-11.05
miR319a*,A,25 ,0 ,37 ,0 ,0 ,-10.85
miR319b,U,90 ,436 ,600 ,263 ,13 ,-10.95
miR319b*,A,37 ,0 ,146 ,1 ,0 ,-10.85
miR319c,U,13 ,23 ,37 ,48 ,19 ,-11.25
miR319c*,G,27 ,0 ,0 ,0 ,0 ,-13.15
miR390a,A,248 ,196 ,30572 ,2533 ,23 ,-8.5
miR390a*,C,674 ,2 ,0 ,3 ,4246 ,-12.1
miR390b,A,248 ,196 ,30572 ,2533 ,23 ,-8
miR390b*,C,134 ,0 ,0 ,0 ,32 ,-12.1
miR391,U,453 ,314 ,7 ,128 ,0 ,-8.45
miR391*,A,367 ,1 ,520 ,0 ,0 ,-7.275
miR393a,U,79 ,32 ,15 ,13 ,3 ,-11.4
miR393a*,A,0 ,0 ,381 ,0 ,0 ,-9.2
miR393b,U,79 ,32 ,15 ,13 ,3 ,-11.4
miR393b*,A,5 ,0 ,5429 ,25 ,0 ,-9.2
miR394a,U,78 ,0 ,0 ,0 ,0 ,-11.25
miR394a*,A,21 ,0 ,37 ,1 ,0 ,-11.3
miR394b,U,78 ,0 ,0 ,0 ,0 ,-11.25
miR394b*,A,21 ,0 ,37 ,0 ,65 ,-11.3
miR395a,C,8 ,199 ,0 ,0 ,29 ,-8.8
miR395a*,G,0 ,0 ,0 ,0 ,0 ,-10.5
miR395b,C,7 ,183 ,15 ,0 ,32 ,-8.8
miR395b*,G,0 ,0 ,0 ,0 ,0 ,-10
miR395c,C,7 ,183 ,15 ,0 ,32 ,-8.8
miR395c*,G,0 ,0 ,0 ,0 ,0 ,-10
miR395d,C,8 ,199 ,0 ,0 ,29 ,-8.8
miR395d*,G,0 ,0 ,0 ,0 ,0 ,-10.5
miR395e,C,8 ,199 ,0 ,0 ,29 ,-8.8
miR395e*,G,0 ,0 ,0 ,0 ,0 ,-10.5
miR395f,C,7 ,183 ,15 ,0 ,32 ,-8.8
miR395f*,G,0 ,0 ,0 ,0 ,0 ,-4.8
miR396a,U,123 ,854 ,80 ,49 ,29 ,-10.6
miR396a*,G,39 ,6 ,44 ,751 ,10 ,-10.5
miR396b,U,218 ,479 ,168 ,112 ,133 ,-10.6
miR396b*,G,29 ,3 ,124 ,55 ,23 ,-7.8
miR397a,U,175 ,14 ,0 ,1 ,0 ,-5.2
miR397a*,C,0 ,0 ,0 ,0 ,0 ,-8.45
miR397b,U,294 ,11 ,0 ,0 ,0 ,-5.2
miR397b*,U,0 ,0 ,0 ,0 ,0 ,-8.95
miR398a,U,124 ,39089 ,22 ,25 ,16 ,-11.35
miR398a*,G,142 ,3 ,0 ,28 ,0 ,-8.95
miR398b,U,4692 ,25413 ,66 ,35 ,702 ,-11.35
miR398b*,G,146 ,0 ,212 ,3 ,0 ,-8.95
miR398c,U,4692 ,25413 ,66 ,35 ,702 ,-5.85
miR398c*,G,146 ,0 ,212 ,4 ,0 ,-8.95
miR399a,U,92 ,63 ,0 ,0 ,10 ,-13.4
miR399a*,G,0 ,0 ,0 ,0 ,0 ,-12.75
miR399b,U,538 ,616 ,0 ,10 ,3 ,-13.4
miR399b*,G,1 ,0 ,0 ,0 ,0 ,-15
miR399c,U,538 ,659 ,0 ,21 ,3 ,-13.4
miR399c*,G,162 ,0 ,0 ,15 ,3 ,-15
miR399d,U,11 ,2 ,0 ,0 ,0 ,-13.4
miR399d*,G,0 ,0 ,0 ,0 ,0 ,-15
miR399e,U,0 ,0 ,0 ,0 ,0 ,-13.4
miR399e*,G,0 ,0 ,0 ,1 ,0 ,-13.3
miR399f,U,40 ,57 ,0 ,3 ,0 ,-13.4
miR399f*,G,1 ,0 ,0 ,0 ,0 ,-15
miR400,U,159 ,4 ,0 ,3 ,107 ,-9.05
miR400*,G,0 ,0 ,0 ,0 ,0 ,-10.9
miR401,C,0 ,0 ,0 ,0 ,0 ,-3.05
miR401*,U,0 ,0 ,0 ,0 ,0 ,-6.05
miR402,U,19 ,2 ,0 ,0 ,0 ,-10.65
miR402*,G,0 ,0 ,0 ,0 ,0 ,-12.25
miR403,U,113 ,153 ,29 ,15 ,36 ,-9.25
miR403*,U,1952 ,36 ,183 ,20 ,126 ,-8.5
miR404,A,0 ,0 ,0 ,0 ,0 ,-3.05
miR404*,U,0 ,0 ,0 ,0 ,0 ,-13.4
miR405a,A,0 ,0 ,0 ,1 ,0 ,-4.25
miR405a*,U,0 ,0 ,0 ,0 ,0 ,-7.1
miR405b,A,0 ,0 ,0 ,1 ,0 ,-9.2
miR405b*,U,0 ,0 ,0 ,0 ,0 ,-7.1
miR405d,A,0 ,0 ,0 ,1 ,0 ,-9.2
miR405d*,U,0 ,0 ,0 ,0 ,0 ,-7.1
miR407,U,0 ,0 ,0 ,0 ,0 ,-3.675
miR407*,C,0 ,0 ,0 ,0 ,0 ,-8
miR408,A,591 ,4 ,3249 ,0 ,32 ,-11.1
miR408*,C,37 ,11 ,7 ,1 ,6 ,-12.85
miR413,A,0 ,0 ,0 ,0 ,0 ,-9.35
miR413*,U,0 ,0 ,0 ,0 ,0 ,-5.8
miR414,U,0 ,0 ,0 ,0 ,0 ,-4.525
miR414*,A,0 ,0 ,0 ,0 ,0 ,-4.6
miR415,A,0 ,0 ,0 ,0 ,0 ,-4
miR415*,G,0 ,0 ,0 ,0 ,0 ,-10.5
miR416,G,0 ,0 ,0 ,0 ,0 ,-4.15
miR416*,U,0 ,0 ,0 ,0 ,0 ,-6.45
miR417,G,0 ,0 ,0 ,0 ,0 ,-9.15
miR417*,A,0 ,0 ,0 ,0 ,0 ,-3.925
miR418,U,0 ,0 ,0 ,0 ,0 ,-4.8
miR418*,U,0 ,0 ,0 ,0 ,0 ,-9.25
miR419,U,0 ,0 ,0 ,0 ,0 ,-4.8
miR419*,C,0 ,0 ,0 ,0 ,0 ,-4.875
miR420,U,0 ,0 ,0 ,0 ,0 ,-6.7
miR420*,A,0 ,0 ,0 ,0 ,0 ,-6.7
miR426,U,0 ,0 ,0 ,0 ,0 ,-6.5
miR426*,A,0 ,0 ,0 ,0 ,0 ,-8.55
miR447a,U,20 ,67 ,0 ,3 ,3 ,-9.85
miR447a*,A,6 ,0 ,0 ,3 ,0 ,-8.5
miR447b,U,20 ,67 ,0 ,3 ,3 ,-9.85
miR447b*,A,6 ,0 ,0 ,3 ,0 ,-8.5
miR447c,U,0 ,0 ,0 ,0 ,0 ,-5.8
miR447c*,A,0 ,0 ,0 ,0 ,0 ,-8.8
miR472,U,7 ,0 ,0 ,0 ,0 ,-6.5
miR472*,U,0 ,0 ,0 ,3 ,0 ,-9.35
miR771,U,163 ,1226 ,0 ,1 ,10 ,-9.05
miR771*,A,1 ,0 ,0 ,0 ,0 ,-13.55
miR773,U,27 ,1 ,0 ,0 ,0 ,-8.85
miR773*,G,0 ,0 ,0 ,0 ,0 ,-7.15
miR774,U,7 ,0 ,7 ,0 ,0 ,-8.95
miR774*,U,0 ,0 ,0 ,0 ,0 ,-13.4
miR775,U,583 ,952 ,0 ,30 ,58 ,-8.65
miR775*,G,1 ,0 ,0 ,0 ,0 ,-7.275
miR776,U,5 ,0 ,0 ,1 ,19 ,-5.8
miR776*,C,0 ,0 ,0 ,0 ,0 ,-3.975
miR777,U,13 ,1 ,15 ,0 ,0 ,-8.75
miR777*,G,2 ,0 ,0 ,0 ,0 ,-10.5
miR778,U,2 ,0 ,0 ,0 ,3 ,-6.975
miR778*,G,0 ,0 ,0 ,0 ,0 ,-10.7
miR779,U,1 ,0 ,0 ,0 ,0 ,-4.85
miR779*,G,0 ,0 ,0 ,0 ,0 ,-6.4
miR780.1,U,8 ,8 ,0 ,1 ,58 ,-3.05
miR780.1*,C,4 ,0 ,0 ,0 ,984 ,-12.6
miR780.2,U,4 ,0 ,0 ,3 ,408 ,-9
miR780.2*,A,0 ,0 ,7 ,69 ,13 ,-8
miR781,U,7 ,5 ,22 ,0 ,3 ,-4.85
miR781*,A,0 ,0 ,29 ,0 ,0 ,-9.2
miR782,A,0 ,0 ,0 ,0 ,0 ,-8
miR782*,G,0 ,0 ,0 ,0 ,0 ,-4.525
miR783,A,0 ,0 ,0 ,0 ,0 ,-6.3
miR783*,A,0 ,0 ,7 ,0 ,0 ,-9.1
miR822,U,1293 ,608 ,29 ,11 ,52 ,-5.45
miR822*,U,374 ,42 ,95 ,3 ,0 ,-11.35
miR823,U,813 ,880 ,0 ,14 ,0 ,-6.775
miR823*,C,0 ,0 ,0 ,0 ,0 ,-8.35
miR824,U,500 ,1987 ,0 ,82 ,19 ,-9.4
miR824*,C,411 ,2 ,0 ,0 ,61 ,-10.5
miR825,U,241 ,76 ,0 ,3 ,0 ,-9.2
miR825*,U,16 ,2 ,0 ,0 ,0 ,-5.125
miR826,U,46 ,1 ,0 ,7 ,0 ,-7
miR826*,C,1 ,0 ,0 ,0 ,0 ,-9.95
miR827,U,28 ,2 ,37 ,13 ,120 ,-4.65
miR827*,U,1 ,1 ,0 ,0 ,0 ,-8.85
miR828,U,18 ,0 ,0 ,0 ,3 ,-7.7
miR828*,A,1 ,0 ,0 ,0 ,0 ,-6.5
miR829.1,A,18 ,0 ,0 ,17 ,0 ,-11.3
miR829.1*,C,0 ,0 ,0 ,0 ,0 ,-7.75
miR829.2,C,14 ,13 ,0 ,0 ,84 ,-8
miR829.2*,A,4 ,0 ,37 ,0 ,0 ,-8.6
miR830,U,11 ,0 ,15 ,0 ,3 ,-3.4
miR830*,C,4 ,0 ,0 ,0 ,23 ,-7.8
miR831,U,7 ,0 ,0 ,0 ,6 ,-5.9
miR831*,A,2 ,0 ,0 ,7 ,0 ,-9
miR832-3p,U,4 ,0 ,0 ,0 ,0 ,-8.7
miR832-3p*,U,7 ,0 ,0 ,0 ,0 ,-11.4
miR832-5p,U,7 ,0 ,0 ,0 ,0 ,-11.4
miR832-5p*,U,4 ,0 ,0 ,0 ,0 ,-8.7
miR833-3p,U,8 ,0 ,7 ,0 ,0 ,-9.4
miR833-3p*,U,7 ,0 ,0 ,0 ,0 ,-9
miR833-5p,U,7 ,0 ,0 ,0 ,0 ,-9
miR833-5p*,U,8 ,0 ,7 ,0 ,0 ,-9.4
miR834,U,4 ,9 ,0 ,0 ,0 ,-8.1
miR834*,A,1 ,0 ,0 ,0 ,0 ,-11.2
miR835-3p,U,2 ,0 ,0 ,0 ,0 ,-6.4
miR835-3p*,U,2 ,0 ,0 ,0 ,0 ,-9.2
miR835-5p,U,2 ,0 ,0 ,0 ,0 ,-9.2
miR835-5p*,U,2 ,0 ,0 ,0 ,0 ,-6.4
miR836,U,2 ,0 ,0 ,0 ,0 ,-4.025
miR836*,A,1 ,0 ,0 ,0 ,0 ,-6.2
miR837-3p,A,4 ,1 ,198 ,0 ,0 ,-8.5
miR837-3p*,A,2 ,0 ,95 ,0 ,0 ,-9.2
miR837-5p,A,2 ,0 ,95 ,0 ,0 ,-9.2
miR837-5p*,A,4 ,1 ,198 ,0 ,0 ,-8.5
miR838,U,2 ,0 ,0 ,0 ,3 ,-2.85
miR838*,U,1 ,0 ,0 ,0 ,0 ,-11.3
miR839,U,293 ,1 ,0 ,0 ,0 ,-11.3
miR839*,G,1 ,0 ,0 ,7 ,0 ,-10.5
miR840,A,58 ,0 ,44 ,0 ,6 ,-7.1
miR840*,U,48 ,17 ,0 ,0 ,0 ,-7.6
miR841,U,28 ,0 ,0 ,0 ,0 ,-10.75
miR841*,C,1 ,0 ,0 ,0 ,0 ,-4.6
miR842,U,22 ,2 ,0 ,0 ,0 ,-9.3
miR842*,A,1 ,0 ,7 ,0 ,0 ,-9.2
miR843,U,8 ,136 ,0 ,46 ,3 ,-6.8
miR843*,C,1 ,0 ,0 ,0 ,0 ,-5.4
miR844,U,6 ,1 ,0 ,1 ,0 ,-4.95
miR844*,U,15 ,0 ,0 ,0 ,0 ,-3.1
miR845a,C,471 ,13 ,0 ,0 ,71 ,-13.7
miR845a*,U,5 ,0 ,0 ,0 ,0 ,-8.7
miR845b,U,16 ,2 ,0 ,0 ,26 ,-10.4
miR845b*,U,0 ,0 ,0 ,0 ,0 ,-9
miR846,U,116 ,104 ,0 ,7 ,45 ,-9.1
miR846*,U,8 ,0 ,0 ,0 ,0 ,-9.1
miR847,U,63 ,9 ,0 ,0 ,0 ,-3.6
miR847*,U,0 ,3 ,0 ,4 ,0 ,-4.275
miR848,U,63 ,51 ,0 ,0 ,0 ,-11.3
miR848*,G,0 ,0 ,0 ,0 ,0 ,-10.6
miR849,U,19 ,0 ,0 ,0 ,0 ,-8.9
miR849*,C,0 ,0 ,0 ,0 ,0 ,-6.625
miR850,U,18 ,1 ,0 ,4 ,0 ,-8.15
miR850*,U,0 ,0 ,0 ,0 ,0 ,-8.3
miR851-3p,U,11 ,4 ,0 ,0 ,0 ,-7.05
miR851-3p*,U,14 ,1 ,0 ,1 ,0 ,-7.5
miR851-5p,U,14 ,1 ,0 ,1 ,0 ,-7.5
miR851-5p*,U,11 ,4 ,0 ,0 ,0 ,-7.05
miR852,A,6 ,0 ,249 ,7 ,6 ,-9
miR852*,G,0 ,0 ,0 ,0 ,0 ,-10.5
miR853,U,4 ,0 ,0 ,1 ,71 ,-13.5
miR853*,U,0 ,0 ,0 ,0 ,0 ,-7.225
miR854a,G,0 ,0 ,0 ,0 ,0 ,-3.55
miR854a*,U,0 ,0 ,0 ,0 ,0 ,-10.9
miR854b,G,0 ,0 ,0 ,0 ,0 ,-3.55
miR854b*,U,0 ,0 ,0 ,0 ,0 ,-10.9
miR854c,G,0 ,0 ,0 ,0 ,0 ,-3.55
miR854c*,U,0 ,0 ,0 ,0 ,0 ,-10.9
miR854d,G,0 ,0 ,0 ,0 ,0 ,-3.55
miR854d*,U,0 ,0 ,0 ,0 ,0 ,-10.9
miR855,A,0 ,0 ,0 ,0 ,0 ,-11.5
miR855*,C,0 ,0 ,0 ,0 ,0 ,-7.8
miR856,U,63 ,6 ,0 ,0 ,3 ,-3.025
miR856*,U,0 ,0 ,0 ,1 ,0 ,-9.1
miR857,U,5 ,3 ,0 ,0 ,0 ,-6.5
miR857*,A,0 ,0 ,0 ,0 ,0 ,-7.7
miR858,U,11 ,0 ,0 ,1 ,16 ,-8.8
miR858*,G,0 ,0 ,0 ,0 ,0 ,-6.625
miR859,U,6 ,1 ,0 ,3 ,6 ,-5.125
miR859*,U,0 ,0 ,0 ,0 ,0 ,-6.925
miR860,U,6 ,9 ,0 ,0 ,0 ,-9
miR860*,A,0 ,0 ,0 ,0 ,0 ,-7.2
miR861-3p,G,0 ,0 ,0 ,0 ,0 ,-10.55
miR861-3p*,C,0 ,0 ,0 ,0 ,3 ,-10.5
miR861-5p,C,0 ,0 ,0 ,0 ,3 ,-10.5
miR861-5p*,G,0 ,0 ,0 ,0 ,0 ,-10.55
miR862-3p,A,0 ,0 ,0 ,0 ,0 ,-7.2
miR862-3p*,U,8 ,1 ,0 ,0 ,0 ,-4.9
miR862-5p,U,8 ,1 ,0 ,0 ,0 ,-4.9
miR862-5p*,A,0 ,0 ,0 ,0 ,0 ,-7.2
miR863-3p,U,5 ,60 ,0 ,1 ,0 ,-4.5
miR863-3p*,U,0 ,0 ,0 ,4 ,0 ,-2.9
miR863-5p,U,0 ,0 ,0 ,4 ,0 ,-2.9
miR863-5p*,U,5 ,60 ,0 ,1 ,0 ,-4.5
miR864-3p,U,8 ,0 ,0 ,0 ,0 ,-4.9
miR864-3p*,U,1 ,0 ,0 ,0 ,3 ,-8.95
miR864-5p,U,1 ,0 ,0 ,0 ,3 ,-8.95
miR864-5p*,U,8 ,0 ,0 ,0 ,0 ,-4.9
miR865-3p,U,0 ,0 ,0 ,0 ,0 ,-6.5
miR865-3p*,G,0 ,0 ,0 ,0 ,0 ,-11
miR865-5p,A,0 ,0 ,0 ,0 ,0 ,-9.2
miR865-5p*,C,0 ,0 ,0 ,0 ,0 ,-4.125
miR866-3p,A,1 ,0 ,88 ,0 ,0 ,-4.6
miR866-3p*,U,1 ,0 ,0 ,0 ,10 ,-5.1
miR866-5p,U,1 ,0 ,0 ,0 ,10 ,-5.1
miR866-5p*,A,1 ,0 ,88 ,0 ,0 ,-4.6
miR867,U,4 ,12 ,0 ,6 ,61 ,-9.1
miR867*,C,0 ,0 ,0 ,0 ,3 ,-6.55
miR868,C,0 ,4 ,0 ,0 ,0 ,-4.225
miR868*,A,0 ,0 ,0 ,0 ,0 ,-6.85
miR869.1,A,0 ,0 ,44 ,1 ,0 ,-8.95
miR869.1*,A,0 ,0 ,0 ,0 ,0 ,-7
miR869.2,U,28 ,47 ,0 ,3 ,0 ,-10.95
miR869.2*,A,0 ,0 ,0 ,0 ,0 ,-3.875
miR870,U,4 ,4 ,0 ,0 ,0 ,-7
miR870*,U,0 ,0 ,0 ,0 ,0 ,-10.8

